feature,importance
pdc__num-cmds-aapn-ok__diff_15min,0.081923336
pgw__eps-bearer-creation-attempted__delta,0.07480176
stats__dt_error_rate__diff_15min,0.059914462
pmjob__memory_usage_rate__roll_std_1h,0.05687229
pgw__eps-bearer-creation-attempted__delta__roll_mean_1h,0.056302246
pdc__num-cmds-aapn-ok,0.051639136
pdc__num-cmds-mapn-ok,0.04176079
pgw__pdp-created__delta,0.032825727
stats__Failed RADIUS Accounting procedures__roll_std_1h,0.028083304
pdc__num-cmds-default-ok,0.026069025
sgw__sgwGtpTunnelMgmtS4S11-smModifyBearerRespRejSent__delta__roll_std_1h,0.025140624
sgw__sgwGtpTunnelMgmtS4S11-smCreateSessionRespRejSent__delta__roll_mean_1h,0.021828614
sgw__sgwGtpTunnelMgmtS4S11-smCreateSessionReqRcvd__delta__roll_std_1h,0.021455161
pgw__downlink_dropped-packets__delta,0.020196505
pdc__num-cmds-mapn-ok__diff_15min,0.019177621
sgw__sgwUplinkTraffic-sgwUplinkDroppedPackets__delta,0.018692844
pgw__drop_rate_dl,0.016096996
pgw__eps-bearer-creation__delta__roll_mean_1h,0.0154615445
stats__DT RNC error indications__roll_std_1h,0.013824429
sgw__sgwGtpTrafficS5S8-inDataByte__diff_15min,0.013069975
pdc__time-default__diff_15min,0.012902443
pmjob__cpu_mean__roll_std_1h,0.012789191
sgw__sgwGtpTunnelMgmtS4S11-smModifyBearerRespRejSent__delta__diff_15min,0.01208599
pdc__num-cmds-default-ok__diff_15min,0.011638527
sgw__sgwGtpTrafficS5S8-inDataByte,0.011522147
stats__ Failed.7__roll_std_1h,0.010745545
cal__est_weekend,0.010250694
stats__dt_error_rate__roll_std_1h,0.009388284
cal__heure_cos,0.008138533
sgw__idle_bearer_ratio__roll_std_1h,0.007956804
pdc__num-cmds-default-ok__roll_mean_1h,0.00752496
stats__pdp_success_rate__roll_std_1h,0.007453787
sgw__sgwUplinkTraffic-sgwUplinkDroppedPackets__delta__roll_mean_1h,0.0072701457
pgw__downlink_bytes__delta,0.0070733298
pmjob__memory_usage_rate,0.0070292708
pgw__pdp-active__diff_15min,0.006860615
sgw__sgwUplinkTraffic-sgwUplinkDroppedPackets__delta__roll_std_1h,0.0067024105
pdc__time-default__roll_mean_1h,0.006665899
pdc__time-default,0.0063485336
pgw__subscriber-count,0.0060699624
sgw__sgwGtpTunnelMgmtS4S11-smModifyBearerRespRejSent__delta,0.0060668746
pmjob__cpu_max,0.0059765256
sgw__sgwGtpTrafficS5S8-inDataByte__roll_std_1h,0.0057270415
pdc__num-cmds-mapn-ok__roll_mean_1h,0.005499145
pmjob__memory_usage_rate__diff_15min,0.0054029287
pgw__eps-bearer-creation__delta,0.004947967
pgw__eps-bearer-creation-attempted__delta__roll_std_1h,0.0043889126
pdc__num-cmds-aapn-ok__roll_mean_1h,0.004146177
pmjob__cpu_max__diff_15min,0.003863369
pgw__eps-active-ipv6-bearer,0.0037433684
cal__heure,0.0032694782
stats__pdp_success_rate__diff_15min,0.0031388788
sgw__sgwGtpTunnelMgmtS4S11-smModifyBearerReqRcvd__delta__diff_15min,0.003093285
sgw__sgwGtpTunnelMgmtS4S11-smCreateSessionReqRcvd__delta__diff_15min,0.0030806083
pgw__pdp-create-failed__delta,0.0030373938
sgw__sgwGtpTunnelMgmtS4S11-smCreateSessionRespRejSent__delta__roll_std_1h,0.003028157
pgw__eps-bearer-creation-failed__delta,0.0029065588
stats__packet_drop_rate,0.0026522144
sgw__idle_bearer_ratio__diff_15min,0.002599395
pdc__time-aapn__roll_std_1h,0.0024220154
pgw__downlink_dropped-packets__delta__roll_std_1h,0.0022781412
pgw__eps_success_rate,0.0019850263
stats__deactivation_failure_rate__roll_std_1h,0.0019141476
pdc__tot-run-time__roll_std_1h,0.001746264
pgw__eps-bearer-creation-failed__delta__diff_15min,0.0017358793
pgw__ul_dl_traffic_ratio,0.0016994092
stats__ Failed.7__diff_15min,0.0016308007
sgw__sgwGtpTunnelMgmtS4S11-smModifyBearerReqRcvd__delta__roll_std_1h,0.0015527727
pdc__tot-run-time,0.0015443426
pdc__time-mapn__diff_15min,0.0014922569
sgw__sgwUplinkTraffic-sgwUplinkDroppedPackets__delta__diff_15min,0.0014810917
pgw__eps-bearer-creation-attempted__delta__diff_15min,0.0013382275
pdc__time-aapn,0.0012909919
pdc__time-mapn__roll_std_1h,0.0012639659
stats__update_failure_rate,0.0012531653
pgw__eps_success_rate__lag_15min,0.0011991938
stats__traffic_per_subscriber,0.0011104546
pgw__eps-bearer-creation-failed__delta__lag_15min,0.0011067
pdc__time-aapn__roll_mean_1h,0.0010979709
pgw__pdn-suspended-connections,0.0010930754
pgw__pdp-created__delta__roll_std_1h,0.0010739487
pgw__downlink_dropped-packets__delta__diff_15min,0.0010639791
pdc__tot-run-time__diff_15min,0.0009987204
pdc__time-aapn__diff_15min,0.0009531066
stats__dt_error_rate,0.0009092356
pgw__subscriber-count__diff_15min,0.0008972248
pgw__pdp-active__roll_std_1h,0.0008704582
pdc__time-mapn,0.0008545021
pgw__uplink_bytes__delta__roll_std_1h,0.0007534315
pgw__uplink_bytes__delta__diff_15min,0.0007337814
sgw__sgwGtpTunnelMgmtS4S11-smModifyBearerRespRejSent__delta__roll_mean_1h,0.0007321147
pgw__pdn-suspended-connections__roll_mean_1h,0.0007236571
pgw__pdp-active,0.00071048934
pgw__eps-active-ipv6-bearer__diff_15min,0.00065041945
pgw__pdn-suspended-connections__diff_15min,0.000641937
pgw__ul_dl_traffic_ratio__roll_std_1h,0.00055893214
pgw__ul_dl_traffic_ratio__diff_15min,0.00054351473
pgw__pdp_success_rate__roll_mean_1h,0.00050374883
sgw__sgwDownlinkTraffic-sgwDownlinkDroppedPackets__delta__roll_std_1h,0.00049436407
pgw__subscriber-count__roll_std_1h,0.0004525188
pgw__pdp-created__delta__diff_15min,0.00044606408
pgw__pdn-suspended-connections__roll_std_1h,0.00037400125
pdc__time-default__roll_std_1h,0.00036622724
stats__dt_success_rate__diff_15min,0.00033533174
pmjob__cpu_max__roll_std_1h,0.0003227588
pmjob__cpu_max__lag_15min,0.00030173158
pdc__time-mapn__roll_mean_1h,0.0002918273
pgw__eps-bearer-creation__delta__diff_15min,0.00024964564
pgw__drop_rate_dl__diff_15min,0.00023827996
pgw__drop_rate_dl__roll_std_1h,0.00023353646
pgw__eps-bearer-creation__delta__roll_std_1h,0.00022827786
sgw__session_success_rate__roll_std_1h,0.00021723774
pgw__pdp-create-failed__delta__diff_15min,0.0002064793
stats__deactivation_failure_rate__diff_15min,0.00018075979
pdc__tot-run-time__roll_mean_1h,0.00012348258
pmjob__cpu_mean__diff_15min,0.000118025826
sgw__sgwGtpTunnelMgmtS4S11-smCreateSessionRespRejSent__delta,0.000106270054
sgw__session_success_rate__diff_15min,9.4840296e-05
pgw__pdp-create-failed__delta__roll_std_1h,8.7546825e-05
pdc__session-backout-fail,0.0
pgw__eps_success_rate__diff_15min,0.0
pgw__pdp-created__delta__lag_15min,0.0
stats__ Failed.8,0.0
sgw__sgwDownlinkTraffic-sgwDownlinkDroppedPackets__delta__diff_15min,0.0
pdc__session-backout-fail__diff_15min,0.0
pdc__session-backout-fail__roll_mean_1h,0.0
cal__jour_semaine,0.0
cal__heure_sin,0.0
